Metric,Training,Test
ROC-AUC,0.8164545425787808,0.7759667644508506
Balanced Accuracy,0.7355875816793823,0.7079342423268496
F1-Score,0.568997955010225,0.5321040500493908
